{"stats":{"minecraft:killed":{"minecraft:pig":1},"minecraft:custom":{"minecraft:jump":41,"minecraft:time_since_rest":3876,"minecraft:damage_dealt":228,"minecraft:crouch_one_cm":105,"minecraft:leave_game":2,"minecraft:play_time":3876,"minecraft:sprint_one_cm":1588,"minecraft:time_since_death":3876,"minecraft:walk_one_cm":1623,"minecraft:sneak_time":38,"minecraft:total_world_time":3876,"minecraft:mob_kills":1,"minecraft:fall_one_cm":627,"minecraft:drop":1,"minecraft:fly_one_cm":86010},"minecraft:used":{"minecraft:sugar_cane":14},"minecraft:picked_up":{"minecraft:sugar_cane":4},"minecraft:mined":{"minecraft:grass":2,"minecraft:sugar_cane":4},"minecraft:dropped":{"minecraft:sugar_cane":4}},"DataVersion":3465}