{
  "minecraft:recipes/decorations/crafting_table": {
    "criteria": {
      "unlock_right_away": "2024-05-19 09:34:58 +0000"
    },
    "done": true
  },
  "minecraft:adventure/adventuring_time": {
    "criteria": {
      "minecraft:deep_ocean": "2024-05-19 09:36:46 +0000",
      "minecraft:beach": "2024-05-19 09:34:59 +0000",
      "minecraft:cold_ocean": "2024-05-19 09:36:57 +0000",
      "minecraft:deep_cold_ocean": "2024-05-19 09:36:51 +0000",
      "minecraft:ocean": "2024-05-19 09:36:42 +0000",
      "minecraft:plains": "2024-05-19 09:35:04 +0000"
    },
    "done": false
  },
  "minecraft:recipes/misc/sugar_from_sugar_cane": {
    "criteria": {
      "has_sugar_cane": "2024-05-19 09:35:16 +0000"
    },
    "done": true
  },
  "minecraft:recipes/misc/paper": {
    "criteria": {
      "has_reeds": "2024-05-19 09:35:16 +0000"
    },
    "done": true
  },
  "minecraft:adventure/root": {
    "criteria": {
      "killed_something": "2024-05-19 09:46:47 +0000"
    },
    "done": true
  },
  "DataVersion": 3465
}